Benchmark;Allocation;Free;Total;Lowest;Highest;Mean;Standard Deviation
malloc;480.072307;81.395946;561.468253;0.053895;0.118974;0.056147;0.002458
calloc;463.324298;79.892190;543.216488;0.052171;0.108957;0.054322;0.002290
pool_single;605.425328;68.839350;674.264678;0.059788;0.141723;0.067426;0.002306
pool_batched;522.947002;0.023549;522.970551;0.045564;0.080126;0.052297;0.001718
arena;498.887933;0.022909;498.910842;0.046029;0.098857;0.049891;0.001530